,close,returns,retweet,p_pos,p_neg,weighted_sentiment
2017-08-27,4291.64,-0.0074982990185568634,,,,
2017-08-28,4385.62,0.02142912518640456,1613.0,10.542439748059092,6.4575602519408974,291.0
2017-08-29,4608.03,0.04826574479766839,61295.0,223.03523914602218,207.96476085397765,-33537.0
2017-08-30,4630.01,0.00474728996265677,142320.0,714.8151374784363,455.18486252156794,6722.0
2017-08-31,4756.66,0.026625825684408733,84208.0,547.0506676088306,333.94933239116716,17188.0
2017-09-01,4830.57,0.01530047178697335,241942.0,1191.234943157702,530.7650568422985,128992.0
2017-09-02,4667.68,-0.03489742227402037,356778.0,824.543035573236,464.4569644267791,289812.0
2017-09-03,4586.44,-0.017713084658253612,717733.0,931.9987248417889,710.0012751582053,-77881.0
2017-09-04,4293.99,-0.06810681906571739,55756.0,109.60369142490248,66.3963085750976,44700.0
2017-09-05,4513.23,0.04857718308173964,5034.0,13.78304238286094,5.216957617139045,4442.0
2017-09-06,4527.47,0.0031452444742871163,38504.0,152.66230978024282,95.33769021975716,19886.0
2017-09-07,4620.0,0.02002813852813847,1766214.0,654.9320718018449,764.0679281981547,-1654178.0
2017-09-08,4353.31,-0.06126143095713367,551078.0,520.1056325342606,496.8943674657382,72236.0
2017-09-09,4247.01,-0.025029373606372526,10963.0,56.87211705454556,31.127882945454516,2715.0
2017-09-10,4347.57,0.023130162366563276,8398.0,9.237342841467276,11.762657158532763,-8398.0
2017-09-11,4284.94,-0.014616307346193905,26598.0,40.7628795789937,49.237120421006296,-26190.0
2017-09-12,3953.52,-0.08382909407312968,165287.0,618.7149850087552,373.2850149912427,26597.0
2017-09-13,3800.01,-0.04039726211246806,5536.0,11.648895158079611,16.3511048419204,-1450.0
2017-09-14,3367.78,-0.1283427064713253,6379.0,35.19235704202896,22.807642957971094,-229.0
2017-09-15,3823.01,0.1190763299075859,120491.0,334.7316660804645,98.26833391953406,108649.0
2017-09-16,3639.93,-0.05029767055959878,521676.0,1736.0928016473028,799.9071983526632,353348.0
2017-09-17,3791.98,0.04009778532587202,16341.0,23.152179812098005,11.847820187902025,15181.0
2017-09-18,3990.41,0.04972671981074622,163694.0,418.28731402759695,159.7126859724021,149578.0
2017-09-19,3889.51,-0.025941571046224236,51731.0,142.5733262544524,87.42667374554748,16907.0
2017-09-20,3833.36,-0.01464772418974479,355843.0,1053.5002674856987,803.4997325142999,-16045.0
2017-09-21,3704.18,-0.0348741151887868,16505.0,33.783921229368815,30.216078770631132,-3023.0
2017-09-22,3627.21,-0.021220166464031527,33111.0,90.28570951602279,55.71429048397708,1395.0
2017-09-23,3783.03,0.041189205478148506,189818.0,598.1707358808587,536.8292641191404,-52226.0
2017-09-24,3763.97,-0.005063802315108888,109809.0,340.78771294018014,291.21228705981974,38641.0
2017-09-25,3908.2,0.03690445729491838,775.0,1.7724512569891817,2.227548743010818,115.0
2017-09-27,4197.99,0.06232268299829196,1608.0,4.734471486008038,5.265528513991961,958.0
2017-09-28,4057.5,-0.03462476894639551,6642.0,27.768613581524264,9.231386418475731,6642.0
2017-09-29,4196.86,0.03320577765281656,3456.0,35.39229727569354,3.607702724306516,2992.0
2017-09-30,4295.96,0.02306818499241156,6604.0,29.97306165984952,11.026938340150489,4644.0
2017-10-01,4409.01,0.025640676705201433,9669.0,22.050465447786415,48.94953455221371,-6723.0
2017-10-02,4417.01,0.0018111799611049103,1214.0,10.472488150137524,3.527511849862464,92.0
2017-10-03,4300.35,-0.02712802446312506,145603.0,462.4278833947494,236.5721166052489,-17823.0
2017-10-04,4178.82,-0.029082372535787774,1938.0,4.676207007824517,2.3237929921754854,1938.0
2017-10-05,4326.18,0.03406238297990388,10660.0,12.351278192153735,20.64872180784627,-9292.0
2017-10-06,4369.0,0.009800869764248045,258.0,1.3043079614381006,0.6956920385619004,258.0
2017-10-07,4443.0,0.016655413009227998,3917.0,17.901969054519792,10.098030945480225,1781.0
2017-10-08,4631.78,0.040757548933671235,8065.0,44.62932246976218,25.370677530237764,6115.0
2017-10-09,4780.01,0.03101039537574199,820.0,4.465370288165627,6.534629711834372,-506.0
2017-10-10,4735.87,-0.009320357188858716,71860.0,181.47977098011603,132.520229019884,11092.0
2017-10-11,4848.0,0.023129125412541276,84066.0,233.2394660666787,142.76053393332194,35866.0
2017-10-12,5712.01,0.1512619900875524,136278.0,476.23019735295236,328.76980264704616,70066.0
2017-10-14,5795.01,0.023299355825097873,2350.0,9.481862598844662,2.518137401155337,2350.0
2017-10-15,5610.01,-0.03297676831235595,9731.0,28.601058696074187,16.398941303925838,7897.0
2017-10-16,5659.83,0.008802384523916745,8006.0,48.42545654665988,28.57454345334018,5908.0
2017-10-17,5496.01,-0.029807078225840146,4037.0,28.848745610873294,9.15125438912675,2023.0
2017-10-18,5631.63,0.02408183776277914,3030.0,10.139536601751672,9.860463398248326,334.0
2017-10-19,5690.62,0.010366181540851399,7590.0,18.105455856544534,4.894544143455466,7410.0
2017-10-20,6099.89,0.06709465252652104,5830.0,17.62662739723927,6.373372602760731,5726.0
2017-10-21,5969.73,-0.02180333113892936,11667.0,31.539358502692497,18.460641497307495,3033.0
2017-10-22,5985.0,0.002551378446115361,8893.0,24.396088535029683,12.603911464970304,6101.0
2017-10-23,5657.35,-0.05791580863831999,2383.0,6.677973086824492,6.322026913175513,2099.0
2017-10-24,5560.0,-0.01750899280575546,2972.0,9.764314761569592,8.235685238430406,1426.0
2017-10-25,5788.96,0.039551145628921265,6937.0,4.149314615733026,17.85068538426696,-6379.0
2017-10-26,5929.49,0.02370018332099384,12944.0,12.730340676528174,21.269659323471863,-12100.0
2017-10-27,5769.01,-0.027817597820076506,12475.0,20.173813883775548,16.826186116224456,-7763.0
2017-10-28,5761.85,-0.0012426564384702577,5779.0,13.463531938304689,9.536468061695304,-3207.0
2017-10-29,6147.36,0.06271147289242851,7075.0,12.628545938995886,8.371454061004115,525.0
2017-10-30,6136.06,-0.0018415726052221249,15412.0,37.28238563355301,16.717614366447005,11448.0
2017-10-31,6445.0,0.04793483320403407,5857.0,20.346243549247106,22.653756450752933,-245.0
2017-11-01,6948.0,0.07239493379389753,8027.0,25.421755328826993,27.57824467117305,-1787.0
2017-11-02,7220.01,0.03767446305476034,4214.0,21.26723220391502,7.732767796084963,1762.0
2017-11-03,7249.69,0.004093968155879683,6038.0,21.573922749707286,8.426077250292705,3628.0
2017-11-04,7436.91,0.025174434005521145,13900.0,14.124303228938258,52.87569677106182,-12700.0
2017-11-05,7209.99,-0.03147299788210526,1808.0,3.250758489737659,6.7492415102623475,-980.0
2017-11-06,7213.05,0.0004242310811654432,1430.0,7.438187029501818,4.561812970498185,-198.0
2017-11-07,7368.98,0.021160323409752692,7402.0,37.30452045417293,11.695479545826986,7402.0
2017-11-08,7340.0,-0.003948228882833728,3763.0,14.541179141276995,16.458820858723016,-229.0
2017-11-09,7310.0,-0.004103967168262654,25371.0,33.80188760657211,14.198112393427907,23787.0
2017-11-10,6834.99,-0.06949680979781979,3687.0,10.453695984153999,6.546304015845999,1319.0
2017-11-11,6005.01,-0.138214590816668,1525.0,8.445216150154476,9.554783849845526,-521.0
2017-11-12,6097.0,0.015087748072822664,1154.0,2.5658759847080237,2.4341240152919768,586.0
2017-11-13,6636.76,0.08132884118154042,1888.0,6.387258716383334,5.612741283616663,784.0
2017-11-14,6848.92,0.0309771467618252,1815.0,7.502807210084981,5.497192789915005,1815.0
2017-11-15,7223.46,0.05185049823768664,461.0,3.6732943262475937,2.326705673752406,181.0
2017-11-16,7900.0,0.0856379746835443,1848.0,7.164299549139969,4.835700450860029,1056.0
2017-11-17,7775.02,-0.016074556721397446,18619.0,67.75972174928233,50.24027825071763,-4599.0
2017-11-18,7788.9,0.0017820231354875786,56832.0,46.86991625580442,58.13008374419559,-31146.0
2017-11-20,7858.98,-0.02087166527971832,11231.0,25.007106728905853,18.992893271094125,-2207.0
2017-11-21,8186.8,0.04004250745101879,102624.0,66.72588544401202,46.274114555987936,-88822.0
2017-11-22,8221.94,0.004273930483559881,3167562.0,568.4922474318594,121.50775256813657,3095924.0
2017-11-23,8090.01,-0.01630776723390951,9833464.0,1663.7337419525963,400.2662580474459,9731762.0
2017-11-24,8262.31,0.020853732188697748,146625.0,43.65729677797034,15.342703222029659,145009.0
2017-11-25,9008.24,0.08280529826025954,36494.0,12.096148109253415,8.903851890746585,34302.0
2017-11-26,9739.0,0.07503439778211318,26112.0,27.730437735188335,12.269562264811674,20726.0
2017-11-27,9799.98,0.006222461678493177,747770.0,1577.138930132931,524.8610698670577,691476.0
2017-11-28,10497.0,0.0664018290940269,238274.0,376.20235152717106,242.7976484728275,195738.0
2017-11-29,10676.01,0.01676750021777801,94452.0,158.42433404970285,146.57566595029712,63346.0
2017-11-30,9824.03,-0.08672408370088441,6577031.0,3465.7482794515495,1415.2517205482604,6423757.0
2017-12-01,10872.5,0.09643320303518044,114579.0,270.73760240479163,138.26239759520823,101183.0
2017-12-02,11070.0,0.017841011743450767,944248.0,1874.7302043559919,1057.2697956440718,832996.0
2017-12-03,11499.99,0.0373904672960585,143310.0,313.6948828273595,174.30511717263963,122610.0
2017-12-04,11578.32,0.00676523018883568,58335.0,144.54033783804536,98.45966216195453,12189.0
2017-12-05,12239.99,0.05405805070102182,40436.0,78.27038632965387,41.72961367034611,22604.0
2017-12-06,14371.75,0.1483298832779585,2437.0,8.386758751366354,6.613241248633664,-507.0
2017-12-07,16125.99,0.10878339872466744,191009.0,577.732245374358,383.2677546256415,60231.0
2017-12-08,15870.2,-0.01611762926743198,3977279.0,1000.163693891801,812.8363061081984,1314541.0
2017-12-09,14100.0,-0.1255460992907802,13032340.0,1069.5073796905558,1131.4926203094446,-11638386.0
2017-12-10,16550.01,0.1480367685578437,7677408.0,1009.644379582933,944.3556204170662,-6892180.0
2017-12-11,16450.12,-0.006072296129146743,900666.0,507.848047337909,728.1519526620901,-658330.0
2017-12-12,17071.82,0.036416738227090066,1012315.0,314.99089360966,248.00910639034112,92699.0
2017-12-13,16801.0,-0.016119278614368175,436189.0,309.53155505174107,174.46844494825953,-29025.0
2017-12-14,17337.38,0.030937777218933944,82735.0,47.906929090391856,40.093070909608116,50107.0
2017-12-15,17726.09,0.021928693806699567,2155540.0,116.04731280561612,178.95268719438465,-2134052.0
2017-12-16,19369.42,0.08484146660044535,13115456.0,524.5387021509653,1340.461297849054,-12918230.0
2017-12-17,18984.0,-0.020302359882005808,264245.0,140.39995720950674,115.6000427904934,-33923.0
2017-12-18,18975.0,-0.0004743083003952569,41109.0,54.9822957807533,53.01770421924673,-20539.0
2017-12-19,17094.93,-0.10997822161307473,85231.0,142.93301332730317,58.066986672697006,10525.0
2017-12-20,16949.99,-0.00855103749323738,926225.0,252.56898796852974,228.43101203147222,-768221.0
2017-12-21,14960.48,-0.13298436948547118,445090.0,161.85984479995184,111.14015520004794,-396428.0
2017-12-22,14799.99,-0.010843926245896097,1112798.0,503.72675391269553,362.2732460873048,346432.0
2017-12-23,14330.01,-0.032796906631607343,2507156.0,1546.3748134776447,1282.6251865223596,98046.0
2017-12-24,14169.0,-0.011363540122803318,1901778.0,1782.8160844303861,1238.183915569612,-156850.0
2017-12-25,15194.99,0.06752159757920208,153763.0,189.97645288177029,120.02354711822994,-83585.0
2017-12-26,16383.87,0.07256405232707541,51135.0,16.78826028252693,10.211739717473082,-42293.0
2018-01-02,15090.01,0.1275797696621805,16986.0,69.04015467474105,26.95984532525894,9070.0
2018-01-03,14986.76,-0.0068894143897680355,82129.0,132.67413527459559,112.32586472540437,-47403.0
2018-01-04,14938.79,-0.003211103442782136,6960.0,28.489239972301032,18.51076002769895,2008.0
2018-01-05,16550.02,0.09735516935931192,409428.0,338.0195247787624,483.9804752212418,-307454.0
2018-01-06,16635.31,0.00512704602439034,2957232.0,684.2519244339024,1054.7480755660981,-2641478.0
2018-01-07,15680.08,-0.06091996979607256,1256743.0,908.4809385627212,549.5190614373003,-618923.0
2018-01-08,15328.99,-0.02290366162415137,16137.0,6.045766248015387,5.954233751984612,-12523.0
2018-01-09,14374.28,-0.06641793536789314,24299.0,13.04434652981575,12.955653470184272,-14911.0
2018-01-10,13369.87,-0.07512488902285511,1017818.0,1428.2761259621984,697.7238740378028,720862.0
2018-01-11,13699.99,0.024096367953553178,11068.0,38.744992456739034,23.25500754326093,9956.0
2018-01-12,14140.0,0.031118104667609635,35545.0,51.3783316230452,54.62166837695474,14647.0
2018-01-13,13862.13,-0.02004525999972593,56699.0,46.6014030058758,31.398596994124244,48303.0
2018-01-14,13620.01,-0.017776785773284967,230246.0,181.954021254929,261.0459787450707,-1604.0
2018-01-15,13024.99,-0.045682952539694885,50174.0,74.92673238673244,52.07326761326762,-1904.0
2018-01-16,11140.14,-0.16919446254714937,4325.0,12.435614286253045,9.564385713746939,2789.0
2018-01-17,11145.01,0.0004369668578135686,568987.0,1180.2260023538395,428.77399764615785,422519.0
2018-01-18,11389.0,0.02142330318728596,695245.0,1677.7574342566616,1056.2425657433353,345347.0
2018-01-20,12234.74,0.0030021071146587148,764060.0,504.41743476633627,369.58256523366515,557730.0
2018-01-21,11583.5,-0.056221349333103104,33663.0,67.23528969139105,13.764710308609006,30405.0
2018-01-22,10589.99,-0.0938159526118533,10116.0,14.968161036744664,12.031838963255307,-1694.0
2018-01-23,10664.58,0.0069941807366066125,31731.0,51.28642835573551,25.713571644264462,-7241.0
2018-01-24,11415.01,0.06574063448039032,155809.0,100.85882803950948,356.14117196049045,-121337.0
2018-01-25,11425.28,0.0008988838785570626,854141.0,1031.1264343899966,713.8735656100006,-53641.0
2018-01-26,11000.0,-0.03866181818181824,17619088.0,1019.0127225056355,4088.987277494368,-17149274.0
2018-01-28,11269.0,-0.018246516993522123,4195812.0,478.9805789861663,1119.0194210138352,-3991020.0
2018-01-29,10943.65,-0.029729569202231465,29395.0,6.511689438800871,7.488310561199138,-3739.0
2018-01-30,9829.53,-0.11334417820587545,30554.0,56.827000682790036,47.172999317209964,-8034.0
2018-01-31,10049.98,0.021935367035556184,500818.0,917.6968377134881,930.3031622865119,-201018.0
2018-02-01,8637.87,-0.16347895951200916,13323.0,14.680536120812844,12.319463879187156,-8489.0
2018-02-02,8380.01,-0.030770846335505635,116702.0,389.9956638383201,216.00433616167862,92390.0
2018-02-03,9084.54,0.07755263337494255,6219634.0,4163.116028968888,1708.8839710311524,5753166.0
2018-02-04,8273.0,-0.09809500785688395,6589063.0,1523.6712081264345,354.328791873624,6502465.0
2018-02-05,6012.88,-0.375879778076396,733187.0,319.00901658645097,185.99098341354934,635563.0
2018-02-06,7491.0,0.19731945000667467,484789.0,774.2708846774184,712.7291153225813,-79077.0
2018-02-07,8138.1,0.07951487447930111,8145103.0,3828.1197305519263,2038.8802694480908,7166861.0
2018-02-08,7843.26,-0.03759151169284203,903226.0,1414.6423212704665,690.3576787295469,558274.0
2018-02-09,8808.7,0.10960073563635955,57557.0,63.534529162063,46.465470837937,-8667.0
2018-02-10,8001.01,-0.1009485052512121,66827.0,90.44542794638123,38.554572053618976,-3577.0
2018-02-11,8490.0,0.057595995288574765,239786.0,338.89515092623316,192.10484907376772,5490.0
2018-02-12,8590.0,0.011641443538998836,124658.0,104.92146261075668,68.07853738924346,-14258.0
2018-02-13,8797.21,0.02355405861631121,18169.0,11.106348358096731,13.893651641903254,-16257.0
2018-02-14,9745.62,0.09731653809608846,5487.0,9.762817351220894,8.237182648779106,-3153.0
2018-02-15,10003.35,0.02576436893640626,42485.0,80.5180193813858,38.481980618614145,-10299.0
2018-02-16,10577.0,0.054235605559232264,15042.0,19.04674369068369,9.953256309316297,2108.0
2018-02-17,10984.98,0.037139803622764866,47251.0,42.202878733038695,20.797121266961295,-8993.0
2018-02-18,10525.0,-0.04370356294536813,24487.0,25.832146052009605,4.167853947990407,22305.0
2018-02-19,11451.34,0.08089358974582889,22667.0,11.875431112924892,8.124568887075112,-8801.0
2018-02-20,10749.15,-0.06532516524562412,9436.0,25.146443654939308,20.853556345060667,3166.0
2018-02-21,10728.25,-0.0019481276070188183,3281.0,6.205129683186463,3.7948703168135207,1765.0
2018-02-22,9826.99,-0.0917127217998594,122260.0,365.3031540988803,222.696845901121,32348.0
2018-02-23,10393.0,0.054460694698354684,2411.0,5.200516542840213,5.799483457159785,295.0
2018-02-24,9714.46,-0.06984845271893661,8233.0,10.119600470025908,5.880399529974083,-2179.0
2018-02-25,9675.79,-0.003996572889655341,5179.0,14.855003952823502,7.144996047176502,4985.0
2018-02-26,10290.03,0.059692731702434276,8678.0,6.157153290031924,2.8428467099680796,4836.0
2018-02-27,10897.5,0.05574397797660008,70965.0,340.8345681417266,126.16543185827405,60263.0
2018-02-28,10418.0,-0.046026108658091765,54921.0,160.84773477068933,58.15226522931044,17477.0
2018-03-01,10993.0,0.05230601291731102,11671.0,18.907661262400318,7.092338737599684,9809.0
2018-03-03,11190.0,-0.014655942806076854,46278.0,91.14728571542142,98.85271428457833,31522.0
2018-03-05,11267.9,-0.021129935480435586,3218.0,7.960024618631867,4.039975381368129,-360.0
2018-03-06,10769.03,-0.04632450647829925,1168.0,5.251979249434548,2.7480207505654475,1046.0
2018-03-07,9790.17,-0.09998396350625174,30568.0,84.57662152936918,61.423378470630865,28982.0
2018-03-08,8640.0,-0.13312152777777778,12850.0,12.22435725778572,12.775642742214288,11860.0
2018-03-09,9323.0,0.07325968036039901,58218.0,35.81469978401764,19.185300215982345,57318.0
2018-03-10,8692.53,-0.07253009192950721,172945.0,448.54565220917993,178.45434779081765,151271.0
2018-03-11,9441.53,0.07933036276959349,52034.0,205.20114851271794,105.79885148728194,24542.0
2018-03-12,9041.0,-0.04430151531910194,286167.0,796.1712013025357,487.82879869746586,174949.0
2018-03-13,9248.4,0.022425500627135466,52268.0,94.12119179089662,49.878808209103354,12088.0
2018-03-14,7895.01,-0.17142346874798123,43833.0,92.67399083620833,56.326009163791426,27219.0
2018-03-15,8038.16,0.01780880201439131,85505.0,144.69152655579418,63.30847344420597,77229.0
2018-03-16,8206.26,0.020484361938325178,1117119.0,1176.4353427846622,630.5646572153445,1081875.0
2018-03-17,7668.42,-0.07013700345051525,96388.0,238.955129927197,126.04487007280206,40300.0
2018-03-18,8184.99,0.06311186696623938,41749.0,25.340730090209068,9.659269909790924,-4005.0
2018-03-19,8592.32,0.047406288406390815,74967.0,251.35709441535818,194.64290558464162,55349.0
2018-03-20,9022.01,0.047626859203215306,777970.0,327.1032863158408,119.89671368415958,709986.0
2018-03-21,9019.51,-0.0002771769198104997,668623.0,508.071784367535,528.9282156324639,307477.0
2018-03-22,8402.02,-0.07349304095919788,893524.0,787.3136789362914,855.6863210637056,285506.0
2018-03-23,8877.74,0.05358570987661267,693226.0,530.3121345500429,486.68786544995675,328138.0
2018-03-24,8541.01,-0.03942507970368839,389673.0,300.22324494231106,244.77675505768985,370951.0
2018-03-25,8429.99,-0.013169647888075838,195750.0,56.26277484422775,43.737225155772286,188014.0
2018-03-26,7860.0,-0.07251781170483458,9350.0,4.518198953838937,4.481801046161058,8522.0
2018-03-27,7860.0,0.0,195337.0,110.02450773674155,157.97549226325825,145679.0
2018-03-28,7870.0,0.0012706480304955528,7238.0,10.616196756171023,11.38380324382896,-5086.0
2018-03-29,6867.3,-0.1460108048286808,6038.0,14.569306461768566,17.430693538231456,4686.0
2018-03-30,6969.0,0.014593198450279784,718481.0,578.0328234193687,298.9671765806297,691401.0
2018-03-31,6934.0,-0.005047591577732911,162145.0,334.44280776324973,131.55719223674964,142407.0
2018-04-01,6992.01,0.008296612848093785,23009.0,13.329390473069257,6.670609526930735,23009.0
2018-04-02,7194.0,0.028077564637197634,5594.0,11.277153790484395,7.722846209515602,4648.0
2018-04-03,7291.99,0.013438032690664658,280201.0,122.08608967801385,114.91391032198614,278077.0
2018-04-04,6767.46,-0.07750766166331234,106234.0,19.79007746944913,19.20992253055086,105758.0
2018-04-05,6767.1,-5.3198563638733364e-05,78919.0,25.491475372869683,22.508524627130296,74391.0
2018-04-06,6850.0,0.012102189781021845,547847.0,228.55197614956734,239.44802385043266,509867.0
2018-04-07,6958.85,0.01564195233407824,33757.0,12.007986788199483,10.992013211800515,33501.0
2018-04-08,7119.99,0.022632054258503093,970700.0,229.77156274229645,223.22843725770355,915150.0
2018-04-09,6789.0,-0.048753866548828954,176574.0,32.186049410287744,31.813950589712242,173002.0
2018-04-10,6818.0,0.004253446758580229,114566.0,98.58358874400349,136.41641125599622,75548.0
2018-04-11,6936.0,0.017012687427912343,807.0,4.988652291158363,2.011347708841643,447.0
2018-04-12,7825.0,0.11361022364217252,13070.0,7.129782365955693,2.870217634044303,-11538.0
2018-04-13,8034.39,0.026061717193215705,7123.0,10.755482646863397,6.2445173531365885,5155.0
2018-04-14,8087.0,0.006505502658587817,302042.0,196.31130356057974,221.6886964394202,289800.0
2018-04-15,8161.69,0.00915129097037496,328407.0,93.1937368183185,93.8062631816815,327669.0
2018-04-16,8025.01,-0.017031754477564436,173544.0,126.76181945224693,82.23818054775319,161092.0
2018-04-17,7934.99,-0.011344689785368406,827565.0,253.65250354970843,192.34749645029157,808847.0
2018-04-18,8190.01,0.03113793511851639,2075663.0,1097.698319666276,491.3016803337174,1994805.0
2018-04-19,8331.01,0.0169247186115489,29628.0,15.056719520886604,8.943280479113382,26544.0
2018-04-20,8870.01,0.0607665605788494,336612.0,222.70998995484896,155.2900100451515,310128.0
2018-04-21,8840.01,-0.0033936613193876475,89834.0,45.92416197351419,39.07583802648594,80334.0
2018-04-22,8865.71,0.0028988090068363293,34852.0,34.828959773011555,17.171040226988474,25326.0
2018-04-23,9192.0,0.035497171453437865,372145.0,522.5717797510957,149.42822024890972,365341.0
2018-04-24,9390.0,0.021086261980830672,114861.0,42.70868046900854,16.29131953099144,114621.0
2018-04-25,8802.79,-0.06670725985738601,15245.0,5.959514453159626,3.040485546840376,14731.0
2018-04-26,9148.99,0.0378402424748523,450143.0,359.99178070086566,373.00821929913405,192671.0
2018-04-28,9423.99,0.029073672616375845,195117.0,259.7180978516573,131.28190214834413,123935.0
2018-04-29,9268.04,-0.016826642957949996,496961.0,219.9625806951342,32.03741930486675,495391.0
2018-04-30,8948.6,-0.03569720403191566,449470.0,438.1866953873412,194.8133046126575,438824.0
2018-05-01,9027.0,0.008685055943281226,25425.0,30.802012265052078,13.197987734947962,23757.0
2018-05-02,9215.66,0.020471675387329812,451434.0,433.1791879548618,261.8208120451373,400762.0
2018-05-03,9563.53,0.03637464409062352,180590.0,289.1111611144801,67.88883888552085,167114.0
2018-05-04,9811.01,0.025224722021483983,7794.0,14.817523149694239,9.182476850305788,-3086.0
2018-05-05,9816.06,0.0005144630330294714,77572.0,31.41940800728686,28.580591992713153,75032.0
2018-05-06,9317.44,-0.053514699316550354,1248780.0,294.9020036708356,340.0979963291641,1214946.0
2018-05-08,9020.56,-0.04433538494284172,1805162.0,392.4860158414744,378.5139841585259,1773130.0
2018-05-09,9291.7,0.029180881862307353,4348325.0,1072.1961593928154,1459.803840607172,-1361949.0
2018-05-10,8920.49,-0.04161318492594027,284553.0,75.19399730737723,104.80600269262277,180143.0
2018-05-12,8445.46,0.004494722608359892,108310.0,85.83634422152443,74.16365577847563,60192.0
2018-05-13,8405.01,-0.0048126058148650515,33543.0,37.84179998163845,69.15820001836163,10941.0
2018-05-14,8714.01,0.0354601383289668,58787.0,18.11047078847258,30.889529211527446,6797.0
2018-05-15,8167.73,-0.06688272016827206,56728.0,114.8597431042757,60.1402568957242,-10240.0
2018-05-16,8360.0,0.022998803827751248,2037.0,4.552547942875972,1.4474520571240297,1307.0
2018-05-17,7996.88,-0.045407709006512524,1867.0,6.293696210617337,5.706303789382684,413.0
2018-05-18,8235.0,0.02891560412871887,16441.0,12.125819817428397,7.87418018257162,13997.0
2018-05-19,8255.91,0.002532731098086081,96520.0,32.105328398557596,28.894671601442408,91668.0
2018-05-20,8492.01,0.027802605036970088,6472.0,1.9999997847778932,1.0000002152221361,6472.0
2018-05-21,8321.84,-0.020448602712861585,24815.0,7.049751998677072,5.950248001322934,24641.0
2018-05-22,7952.09,-0.04649721016738995,36877.0,46.48610598545846,49.51389401454154,29571.0
2018-05-23,7617.57,-0.04391426662308327,584566.0,559.4937306849727,233.50626931502651,555004.0
2018-05-24,7600.0,-0.0023118421052631196,9140.0,13.69990430015229,9.300095699847697,7934.0
2018-05-25,7430.31,-0.022837539752715512,198700.0,336.00243695236975,295.99756304762866,119362.0
2018-05-26,7297.34,-0.01822170818407807,47127.0,76.43984814802292,76.56015185197722,15993.0
2018-05-27,7390.01,0.0125399018404576,7664.0,9.047088706080658,13.95291129391934,5128.0
2018-05-29,7493.86,0.05054804866917707,10274.0,4.087754270775321,3.9122457292246784,9404.0
2018-05-30,7364.82,-0.01752113425718483,7502.0,6.33818337612553,1.6618166238744747,7502.0
2018-06-01,7482.66,-0.0011119040555096328,126.0,1.1107933661714888,0.8892066338285101,2.0
2018-06-02,7645.98,0.021360244206759593,5313.0,5.939708583127848,5.060291416872149,2577.0
2018-06-03,7685.54,0.0051473286197196814,5839.0,16.373428674242792,5.626571325757209,5635.0
2018-06-04,7407.91,-0.03747750715113981,171070.0,380.3633807049042,177.63661929509612,156712.0
2018-06-05,7609.36,0.026473974158142056,5048.0,12.490078815068014,8.509921184931976,4638.0
2018-06-06,7727.0,0.015224537336611922,4820.0,6.828476613208319,5.1715233867916774,-1604.0
2018-06-07,7639.03,-0.011515859997931708,33601.0,28.682364557765,34.31763544223499,-13967.0
2018-06-09,7272.38,-0.053272793775902806,6683.0,6.068239906888183,4.93176009311182,-1989.0
2018-06-10,6785.37,-0.0717735362994207,3011.0,13.678881056150956,4.321118943849028,-451.0
2018-06-11,6817.85,0.004763965179638812,71429.0,422.26722505633035,147.7327749436696,56649.0
2018-06-12,6554.49,-0.04018009028925219,12763.0,52.85805234732847,29.141947652671544,7669.0
2018-06-13,6495.46,-0.009087886000375607,39590.0,28.258602209631736,16.74139779036822,18008.0
2018-06-14,6600.12,0.015857287443258587,19689.0,28.49538808894769,38.50461191105231,-17703.0
2018-06-16,6532.88,0.017552748558063224,125012.0,44.00112094938604,157.9988790506146,-118562.0
2018-06-17,6413.01,-0.018691690797301094,13125.0,49.84699599165829,20.15300400834175,10971.0
2018-06-18,6689.99,0.04140215456226386,1082531.0,514.9265152701801,245.07348472981542,1072253.0
2018-06-19,6613.01,-0.011640690094223291,233114.0,351.96388405211945,234.03611594788134,204636.0
2018-06-21,6669.99,-0.014994025478299101,63776.0,20.689155919682324,13.310844080317679,1812.0
2018-06-23,6085.0,-0.004108463434675432,128.0,0.996860149234109,1.0031398507658926,-128.0
2018-06-24,6136.0,0.008311603650586702,2913.0,9.234497256364048,4.765502743635945,1617.0
2018-06-25,6238.01,0.016352971540603528,15091.0,17.968732517576196,11.031267482423777,271.0
2018-06-26,6039.7,-0.032834412305247015,8618.0,6.896458752273814,6.103541247726192,-7072.0
2018-06-27,6094.39,0.008973826748862561,4691.0,4.632801368108961,3.3671986318910405,707.0
2018-06-28,5878.8,-0.0366724501598966,94076.0,182.94273994784794,184.0572600521518,-39880.0
2018-06-29,6365.0,0.07638648860958364,12324.0,33.781162497765465,18.21883750223453,4302.0
2018-07-01,6329.8,-0.0032149514992573943,44593.0,153.88652586248128,95.11347413751935,9027.0
2018-07-02,6634.19,0.04588201423233272,17231.0,50.57826557638174,25.421734423618247,5859.0
2018-07-03,6464.88,-0.02618919454034715,110551.0,366.5186097529081,296.48139024709207,17623.0
2018-07-04,6627.0,0.024463558171118137,18359.0,30.80106003896786,25.19893996103215,-2111.0
2018-07-05,6525.17,-0.015605723682294856,11419.0,17.040861577797326,11.95913842220267,617.0
2018-07-06,6599.32,0.011236006133965262,5969.0,21.521404400717273,15.478595599282734,3855.0
2018-07-07,6722.89,0.018380488153160412,7607.0,20.95084354284057,7.049156457159436,1767.0
2018-07-08,6709.51,-0.001994184374119736,4321.0,20.274114667629416,8.72588533237057,1999.0
2018-07-09,6634.52,-0.011303003080855854,1886.0,8.03812950221614,7.961870497783848,716.0
2018-07-10,6344.51,-0.04571038582963857,4297.0,7.517594546120064,2.4824054538799314,4297.0
2018-07-12,6249.99,-0.015734425175080304,3934.0,2.914004822597427,4.085995177402567,3210.0
2018-07-13,6207.34,-0.006870898001398285,729.0,4.222642588277633,2.7773574117223667,-41.0
2018-07-14,6252.93,0.007290981987644216,230667.0,688.9371765792094,464.062823420792,156597.0
2018-07-15,6358.18,0.016553479140257118,17574.0,68.51538668809556,34.48461331190427,14698.0
2018-07-16,6742.0,0.05692969445268462,27404.0,69.35756464978068,49.64243535021918,20186.0
2018-07-17,7464.99,0.09685076604255329,190307.0,411.7167542971574,353.28324570284275,-73857.0
2018-07-18,7320.27,-0.01976976259072402,188933.0,412.936800921732,234.06319907827066,127979.0
2018-07-19,7456.14,0.018222565563414835,43299.0,183.23029268534694,95.76970731465225,13145.0
2018-07-20,7284.86,-0.023511776478889183,18388.0,39.72300972583962,22.276990274160358,11220.0
2018-07-21,7414.85,0.017531035691888668,4167.0,17.013951813623947,16.98604818637604,-385.0
2018-07-22,7625.0,0.02756065573770487,42675.0,107.53331096206654,68.4666890379335,-12747.0
2018-07-23,7754.14,0.016654329171255654,4980.0,14.054679708251488,6.945320291748522,4584.0
2018-07-24,8361.99,0.07269202665872591,94626.0,280.8873382024133,238.11266179758903,57048.0
2018-07-25,8219.99,-0.017274960188516045,21536.0,64.576292865787,45.42370713421303,-5898.0
2018-07-26,7878.78,-0.04330746638438947,21655.0,44.607337822294866,34.39266217770518,15091.0
2018-07-27,8156.31,0.03402641635739699,91279.0,234.37571049150782,213.6242895084923,24587.0
2018-07-28,8224.89,0.00833810543362878,3640.0,15.39282499534221,4.607175004657776,3086.0
2018-07-29,8182.68,-0.005158456642566876,8496.0,16.272442323974918,9.727557676025093,-552.0
2018-07-30,8112.61,-0.008637171021409956,126722.0,254.71493524323367,197.28506475676645,52548.0
2018-07-31,7540.0,-0.07594297082228113,81986.0,125.52970365309531,141.47029634690497,-31534.0
2018-08-01,7642.88,0.01346089432255905,16081.0,20.08774627270389,11.912253727296115,3103.0
2018-08-03,7460.62,0.017730429910650825,7591.0,8.796585540366845,15.20341445963315,1305.0
2018-08-04,7007.01,-0.06473659949108103,249008.0,481.329964583411,300.6700354165883,41394.0
2018-08-05,7097.14,0.01269948176307641,28613.0,31.738758197880763,19.261241802119233,7195.0
2018-08-06,6926.44,-0.024644694821582335,16744.0,14.62942036896462,7.370579631035384,4816.0
2018-08-07,6588.01,-0.05137059597663018,30168.0,17.927230882656687,13.072769117343341,476.0
2018-08-08,6324.98,-0.04158590224791235,190989.0,218.63962511101414,459.3603748889905,-169067.0
2018-08-09,6556.25,0.035274737845567276,64767.0,129.84528129018963,242.15471870981074,-20475.0
2018-08-10,6114.33,-0.07227611201881483,25169.0,15.817261898633506,11.182738101366498,16941.0
2018-08-11,6288.02,0.027622367613334642,21579.0,49.19961797123959,56.800382028760396,-5345.0
2018-08-12,6346.71,0.00924731081142822,16011.0,23.829482287481426,30.17051771251858,-6107.0
2018-08-13,5998.0,-0.05813771257085696,2741.0,13.629170496884386,8.370829503115589,951.0
2018-08-14,6300.01,0.04793801914600139,12719.0,8.956290656146761,18.043709343853248,-10273.0
2018-08-15,6280.0,-0.003186305732484111,6167.0,5.723042164214239,5.276957835785756,-397.0
2018-08-16,6421.01,0.021960719575269346,4709.0,16.02534805658101,8.974651943418992,3925.0
2018-08-17,6533.0,0.01714220113271082,11645.0,16.96393124189272,8.036068758107275,7865.0
2018-08-18,6345.67,-0.02952091741297608,36116.0,90.42074767450181,38.57925232549824,5902.0
2018-08-19,6493.0,0.02269058986600954,6760.0,7.526368551159844,4.473631448840164,5844.0
2018-08-20,6310.01,-0.028999954041277236,399006.0,316.07621225170124,408.92378774830297,-362794.0
2018-08-21,6727.99,0.062125538236531205,563765.0,428.54794566907447,791.4520543309145,-475479.0
2018-08-22,6402.95,-0.05076410092223115,29272.0,96.17553564124486,24.824464358755165,25232.0
2018-08-23,6494.99,0.014170922511043122,63629.0,235.04010509995828,243.9598949000413,-8503.0
2018-08-24,6728.74,0.03473904475429278,332559.0,648.4583906250379,138.54160937496044,239455.0
2018-08-25,6622.0,-0.016118997281787947,81329.0,102.88157582512848,28.118424174871503,68677.0
2018-08-26,6672.24,0.0075297051664807895,575470.0,850.0393247199827,764.9606752800184,-134876.0
2018-08-27,6881.18,0.03036397827116868,28866.0,91.56980324391346,32.43019675608656,18920.0
2018-08-28,7037.4,0.022198539233239455,48697.0,135.2667455453568,87.7332544546432,14851.0
2018-08-29,7019.0,-0.002621456047870015,41920.0,96.2686475755387,30.731352424461342,25742.0
2018-08-30,6965.41,-0.0076937323143935745,78646.0,134.9430835581592,109.05691644184057,23638.0
2018-08-31,7060.0,0.01339801699716716,93651.0,209.78863167520626,82.21136832479361,74275.0
2018-09-01,7176.01,0.016166365431486328,49598.0,70.54618708570001,85.45381291429993,-13830.0
2018-09-03,7265.33,0.0011437883757516164,42011.0,96.26041433401225,35.73958566598767,28435.0
2018-09-04,7368.0,0.01393458197611293,11397.0,13.632917079578096,9.36708292042191,3349.0
2018-09-05,6407.2,-0.14995629916344116,50172.0,92.3341072707917,93.66589272920834,28482.0
2018-09-06,6494.94,0.013508977758070096,11007.0,59.713543765031865,27.286456234968036,6885.0
2018-09-07,6414.7,-0.012508768921383664,14538.0,29.113192106756888,16.88680789324308,-346.0
2018-09-08,6177.78,-0.03835034591714177,32653.0,61.278957500127476,23.721042499872453,15575.0
2018-09-09,6307.0,0.020488346281909032,1879.0,5.792479546165926,3.2075204538340736,1441.0
2018-09-10,6348.99,0.0066136503601359874,30235.0,80.57518959341584,48.424810406584164,18115.0
2018-09-12,6382.13,0.019136244482641392,17348.0,60.99672483149334,28.003275168506757,6734.0
2018-09-14,6497.2,-0.00828049005725546,22101.0,72.1753635571666,30.824636442833288,12225.0
2018-09-15,6485.8,-0.0017576860217705813,2197.0,10.272925348052668,5.727074651947333,1053.0
2018-09-16,6512.43,0.004089103452935403,2382.0,5.35808292013816,3.6419170798618374,1814.0
2018-09-17,6236.01,-0.044326420259108,36582.0,58.96072804744783,32.03927195255211,8528.0
2018-09-18,6349.99,0.01794963456635358,4716.0,6.148188084250226,0.8518119157497713,4716.0
2018-09-19,6395.29,0.0070833378939813806,15974.0,80.99760035723438,20.002399642765415,15590.0
2018-09-20,6544.0,0.022724633251833746,14457.0,31.937380874815727,11.062619125184348,10545.0
2018-09-21,6733.73,0.02817606289530462,7017.0,24.94208650906972,10.057913490930298,6127.0
2018-09-22,6700.17,-0.005008828134211444,10871.0,10.207586806967374,6.7924131930326155,6991.0
2018-09-23,6706.0,0.0008693707127945015,4953.0,16.97078243156878,11.029217568431195,-469.0
2018-09-24,6460.0,-0.03808049535603715,8693.0,7.628053150781293,6.3719468492187135,-1665.0
2018-09-25,6387.01,-0.01142788253032323,4945.0,30.066970511769902,6.933029488230111,3549.0
2018-09-26,6494.0,0.016475207884200767,50552.0,204.39655416268764,79.60344583731299,22450.0
2018-09-27,6693.24,0.02976734735344912,66545.0,167.73628700909532,32.26371299090458,62739.0
2018-09-28,6486.66,-0.03184689809547594,28860.0,55.21793731781237,38.782062682187494,17682.0
2018-09-29,6561.06,0.011339631096194904,15078.0,10.241082996832915,5.758917003167081,14374.0
2018-09-30,6621.28,0.00909491820312679,34952.0,125.62195963722701,19.378040362773017,32248.0
2018-10-01,6566.7,-0.008311632935873411,47708.0,114.40697270462519,63.59302729537501,36016.0
2018-10-02,6425.0,-0.02205447470817118,17345.0,12.964062973473567,9.035937026526428,-8997.0
2018-10-03,6562.01,0.02087927327145192,17221.0,19.579258490804744,3.4207415091952487,8327.0
2018-10-04,6539.71,-0.003409937137885347,8115.0,35.29219599531657,14.7078040046834,5649.0
2018-10-05,6567.18,0.0041829217411431165,12924.0,15.68522394240003,7.3147760575999285,5510.0
2018-10-06,6554.0,-0.0020109856576137155,790802.0,708.8750964704177,592.1249035295829,728690.0
2018-10-07,6556.3,0.00035080762015163763,84124.0,111.77072279347972,56.229277206520315,76620.0
2018-10-09,6540.41,-0.009277705831897434,11366.0,18.750002414245337,4.249997585754681,10706.0
2018-10-10,6220.34,-0.051455386683043,28067.0,65.57525705932593,21.424742940674083,25703.0
2018-10-12,6185.4,-0.0007420700358909926,390730.0,125.7777489916953,125.22225100830468,379544.0
2018-10-13,6222.07,0.005893537038316842,761916.0,129.06206708251392,162.93793291748503,701478.0
2018-10-14,6218.39,-0.0005917930525424397,4727.0,3.576072625077753,3.423927374922247,4009.0
2018-10-15,6426.0,0.032307812013694315,13742.0,47.12444908157155,11.875550918428457,13226.0
2018-10-16,6447.93,0.0034010915130902927,154564.0,519.8114984486172,290.1885015513834,50646.0
2018-10-17,6460.89,0.0020059155936720846,173360.0,335.2595847606321,121.74041523936839,67806.0
2018-10-18,6395.0,-0.010303362001563773,936794.0,320.0401597425066,232.95984025749283,922790.0
2018-10-19,6382.91,-0.0018941203933629247,37654.0,26.991096335598883,17.008903664401146,35846.0
2018-10-20,6438.0,0.008557005281143235,5846.0,25.720443411081753,6.279556588918259,4444.0
2018-10-21,6413.0,-0.00389833151411196,30400.0,57.30250261102023,44.69749738897976,24888.0
2018-10-22,6391.99,-0.0032869262936894798,46244.0,111.23620794684366,45.763792053156486,27836.0
2018-10-23,6417.04,0.003903668981337218,124400.0,391.9147532668609,49.08524673313822,101726.0
2018-10-24,6389.0,-0.004388793238378457,24200.0,39.562468716144856,30.43753128385511,14356.0
2018-10-25,6390.07,0.00016744730495905506,6639.0,49.09321696673844,14.906783033261458,6191.0
2018-10-26,6417.15,0.004219941874508143,14277.0,86.25669342474744,30.743306575252564,12943.0
2018-10-27,6410.06,-0.0011060738901038736,49244.0,15.35649207300081,17.64350792699919,42370.0
2018-10-28,6409.26,-0.00012481940192786404,11557.0,22.850107104112205,20.149892895887824,6373.0
2018-10-29,6273.45,-0.021648375295889886,1116.0,5.64716911025252,2.3528308897474837,348.0
2018-10-30,6266.41,-0.0011234502689737766,259615.0,496.57444784033135,203.42555215966237,191913.0
2018-10-31,6297.51,0.004938459803954319,23223.0,27.319362464257665,50.680637535742385,-16849.0
2018-11-03,6331.73,-0.0016567352050704455,53283.0,182.7306890805425,177.26931091945764,31431.0
2018-11-04,6407.45,0.01181749369874135,11536.0,61.978833162827506,11.021166837172451,9670.0
2018-11-05,6396.11,-0.0017729526227660479,93438.0,134.76727543310184,78.23272456689818,27436.0
2018-11-06,6496.9,0.015513552617402141,4429.0,8.269405107405076,1.7305948925949082,4429.0
2018-11-07,6455.0,-0.006491092176607225,101773.0,267.14606572825073,75.85393427174799,65423.0
2018-11-08,6402.43,-0.008210944906855632,2646.0,7.537886624576785,5.46211337542323,-1422.0
2018-11-09,6350.0,-0.008256692913385873,17469.0,11.72122869079214,10.278771309207833,16189.0
2018-11-10,6353.32,0.0005225614324478712,22913.0,103.10075038289203,38.89924961710807,15961.0
2018-11-11,6365.63,0.0019338227323926146,3380.0,3.6209722635952954,2.3790277364047023,3064.0
2018-11-12,6300.01,-0.01041585648276747,27842.0,27.297979606523377,17.70202039347658,25558.0
2018-11-13,6268.45,-0.0050347374550328075,34861.0,108.82865639810893,23.17134360189107,31583.0
2018-11-14,5543.25,-0.13082577910070803,356216.0,431.7309367505551,112.26906324944282,334140.0
2018-11-15,5547.64,0.0007913274833984049,362724.0,703.4161274447267,372.5838725552739,309862.0
2018-11-16,5472.79,-0.013676753538871465,16541.0,83.22991971151134,36.77008028848859,14975.0
2018-11-17,5535.0,0.011239385727190613,2459.0,10.041440625592509,1.9585593744074883,2459.0
2018-11-18,5495.99,-0.0070979022887596626,59465.0,127.98730631907196,67.01269368092805,22047.0
2018-11-19,4640.21,-0.18442699791604253,23623.0,41.069585175544034,27.93041482445602,13175.0
2018-11-20,4455.88,-0.04136781062326632,164188.0,106.74711857419274,397.252881425809,-104260.0
2018-11-21,4513.3,0.012722398245186464,521343.0,864.2527824719986,712.747217528002,64003.0
2018-11-22,4186.06,-0.0781737481068116,927097.0,536.0428567765374,1017.9571432234555,-413257.0
2018-11-23,4301.01,0.026726280571307624,1707164.0,463.166531182591,1055.8334688174132,-1430250.0
2018-11-24,3632.01,-0.18419552809601294,406644.0,317.59667481869997,225.4033251812988,-132198.0
2018-11-25,3937.39,0.07755899212422433,76414.0,244.47548450510516,73.52451549489481,38056.0
2018-11-28,4147.92,0.027011128469208653,803325.0,1248.422337589487,559.5776624105092,673087.0
2018-11-29,4274.0,0.02949929808142254,203060.0,744.5262408256684,120.47375917433398,152502.0
2018-11-30,3949.98,-0.08203079509263338,297754.0,535.3294227119525,204.670577288047,242430.0
2018-12-01,4126.19,0.0427052559382868,71093.0,47.43410079956919,95.56589920043041,-57013.0
2018-12-02,3967.82,-0.03991360495183739,254418.0,295.3293384781631,349.67066152183617,-120700.0
2018-12-03,3815.04,-0.04004676228820673,142210.0,403.6143566724139,324.38564332758443,57378.0
2018-12-04,3831.01,0.0041686134987902025,206013.0,338.09363732146176,281.9063626785382,7967.0
2018-12-05,3688.01,-0.03877429833433206,85513.0,106.32721675260426,162.67278324739587,-15863.0
2018-12-06,3347.5,-0.10172068707991044,57609.0,285.5422265611729,65.45777343882617,48809.0
2018-12-07,3445.01,0.028304707388367583,231758.0,491.5861914690848,212.41380853092036,29538.0
2018-12-08,3407.0,-0.01115644261813919,333143.0,362.75045263580677,387.2495473641927,-253733.0
2018-12-09,3528.3,0.03437916276960581,143401.0,112.84919603470702,78.15080396529302,140489.0
2018-12-10,3390.44,-0.04066138908224305,1168968.0,432.06176228743533,307.93823771256007,1127920.0
2018-12-11,3342.0,-0.01449431478156794,195570.0,340.6605612345501,92.3394387654501,181162.0
2018-12-12,3365.43,0.0069619632558097595,174535.0,573.894574398408,154.10542560159806,113875.0
2018-12-13,3266.67,-0.030232622211609914,90696.0,199.53421824423427,143.46578175576585,2716.0
2018-12-15,3234.66,0.004912417379260841,6993.0,25.034608842843692,31.965391157156137,-5501.0
2018-12-16,3208.37,-0.008194192066376373,123967.0,312.89962394387635,94.10037605612276,92507.0
2018-12-17,3520.8,0.0887383549193366,78882.0,132.8123849484975,103.18761505150222,8932.0
2018-12-18,3711.93,0.05149073393086606,130656.0,435.44123895029657,230.55876104970457,91400.0
2018-12-19,3743.0,0.008300828212663683,83446.0,335.07899892649914,51.92100107349979,63616.0
2018-12-20,4020.4,0.06899810964083178,18470.0,60.83204272503937,7.167957274960555,17662.0
2018-12-22,3997.0,0.04780585439079307,48262.0,205.43673709978344,53.56326290021691,36752.0
2018-12-23,4170.8,0.041670662702599066,126520.0,239.5331484763266,117.46685152367203,107974.0
2018-12-24,3766.14,-0.10744688195340596,36475.0,82.55142196420569,33.44857803579438,33339.0
2018-12-25,3824.0,0.015130753138075347,5537.0,27.397550046208288,26.602449953791698,-435.0
2018-12-26,3746.98,-0.02055522047088588,4576.0,28.60634112923182,12.39365887076819,-250.0
2018-12-27,3593.99,-0.04256828761348814,49406.0,155.926771890261,91.0732281097385,43646.0
2018-12-28,3890.01,0.07609749075195191,332772.0,547.0954028653476,151.90459713465137,294922.0
2018-12-29,3767.59,-0.03249291987716287,11715.0,62.4082318126484,14.591768187351592,10593.0
2018-12-30,3787.71,0.005311916699008079,7273.0,39.49951582940423,7.5004841705957155,6219.0
2018-12-31,3681.8,-0.028765821065783,4692.0,11.71338989671951,7.286610103280494,2832.0
2019-01-01,3800.01,0.031107812874176653,71408.0,198.0098509409845,322.9901490590162,-39084.0
2019-01-02,3865.06,0.016830269129069077,32806.0,44.93056041831661,41.0694395816835,-950.0
2019-01-03,3794.84,-0.018504073953051987,31150.0,72.17382674895573,86.8261732510444,-9282.0
2019-01-04,3845.01,0.013048080499140462,81353.0,322.81188350866313,202.18811649133596,50031.0
2019-01-05,3796.26,-0.012841586192726524,4831.0,25.80420429613514,4.195795703864812,4519.0
2019-01-07,4005.99,-0.006228173310467643,13185.0,56.54015527970656,20.4598447202935,11305.0
